Station,R2_Day,R2_Night,Samples,Train_Size,Test_Size,Model_File
BEN01,0.5775488093990526,0.39871288370615954,95,76,19,station_models\rf_model_BEN01.joblib
BEN02,0.9426118363462177,0.8736804214220376,95,76,19,station_models\rf_model_BEN02.joblib
BEN03,0.686131039932595,0.8137594887960937,95,76,19,station_models\rf_model_BEN03.joblib
BEN04,0.09908564490926086,0.7673256489501319,95,76,19,station_models\rf_model_BEN04.joblib
BEN05,0.7268869563939735,0.3885302770587583,95,76,19,station_models\rf_model_BEN05.joblib
CHE01,0.05713940826363895,0.4225881412856537,95,76,19,station_models\rf_model_CHE01.joblib
CHE02,0.27392807331234525,0.8044383046436552,95,76,19,station_models\rf_model_CHE02.joblib
CHE03,0.1730669384345389,0.6898259360315866,95,76,19,station_models\rf_model_CHE03.joblib
CHE04,0.9010953354149096,0.9541144151042152,95,76,19,station_models\rf_model_CHE04.joblib
CHE05,0.5354052890607236,0.6459835144251745,95,76,19,station_models\rf_model_CHE05.joblib
DEL01,0.5044569437865222,0.1278646809458085,95,76,19,station_models\rf_model_DEL01.joblib
DEL02,0.7214223084597522,0.7739884209153638,95,76,19,station_models\rf_model_DEL02.joblib
DEL03,0.1864121203849748,0.20724721007901237,92,73,19,station_models\rf_model_DEL03.joblib
DEL04,0.4493504912306213,0.5364951249255098,95,76,19,station_models\rf_model_DEL04.joblib
DEL05,0.5115390050496682,-0.44594885230340164,95,76,19,station_models\rf_model_DEL05.joblib
HYD01,0.19800979860026546,0.2230820117125768,95,76,19,station_models\rf_model_HYD01.joblib
HYD02,0.8287636773867847,0.7361700026326674,95,76,19,station_models\rf_model_HYD02.joblib
HYD03,0.9098210622065085,0.9493698456101903,95,76,19,station_models\rf_model_HYD03.joblib
HYD04,0.9820826472450676,0.9657734157797152,95,76,19,station_models\rf_model_HYD04.joblib
HYD05,0.9344367235972508,0.8242174419657244,95,76,19,station_models\rf_model_HYD05.joblib
KOL01,0.37251470837915446,0.6658141859484783,95,76,19,station_models\rf_model_KOL01.joblib
KOL02,0.9231997972499035,0.8963825844910711,95,76,19,station_models\rf_model_KOL02.joblib
KOL03,0.8399734511664376,0.6113855935323503,89,71,18,station_models\rf_model_KOL03.joblib
KOL04,0.8660960731357952,0.9078518640145813,95,76,19,station_models\rf_model_KOL04.joblib
KOL05,0.8169724806021125,0.8163390452221773,95,76,19,station_models\rf_model_KOL05.joblib
LUC01,0.47203973068485894,0.4657894924462501,95,76,19,station_models\rf_model_LUC01.joblib
LUC02,-0.8602965078438483,0.7102444939874224,95,76,19,station_models\rf_model_LUC02.joblib
LUC03,0.7473134980918597,0.6839114333347105,95,76,19,station_models\rf_model_LUC03.joblib
LUC04,0.5719626091147351,0.3714840106558446,95,76,19,station_models\rf_model_LUC04.joblib
LUC05,0.7471733176856352,0.5958294665318733,95,76,19,station_models\rf_model_LUC05.joblib
MUM01,0.8386571643415794,0.6829593577028814,94,75,19,station_models\rf_model_MUM01.joblib
MUM02,0.4782633132388405,0.6086188415328393,95,76,19,station_models\rf_model_MUM02.joblib
MUM03,0.3974251274250361,0.0639292401539715,95,76,19,station_models\rf_model_MUM03.joblib
MUM04,0.7709178431780521,0.9114072155668015,95,76,19,station_models\rf_model_MUM04.joblib
MUM05,0.3175519367898484,0.8109204803278104,95,76,19,station_models\rf_model_MUM05.joblib
BEN06,0.635337583162211,0.6163668706331865,48,38,10,station_models\rf_model_BEN06.joblib
BEN07,-0.22064649659956093,0.2919761542256011,48,38,10,station_models\rf_model_BEN07.joblib
BEN08,-0.05725925812372745,0.19545224808154749,48,38,10,station_models\rf_model_BEN08.joblib
BEN09,-0.053053443182966786,-0.3203496322232997,48,38,10,station_models\rf_model_BEN09.joblib
BEN10,0.4871623426351225,0.3650802867312639,48,38,10,station_models\rf_model_BEN10.joblib
CHE06,0.12407520063995181,-0.9156662460346066,48,38,10,station_models\rf_model_CHE06.joblib
CHE07,-0.30946057788017134,-0.22919507179610799,48,38,10,station_models\rf_model_CHE07.joblib
CHE08,-0.15586419928854234,-0.08162157006899307,48,38,10,station_models\rf_model_CHE08.joblib
CHE09,0.29687546668949116,0.6203636963250315,48,38,10,station_models\rf_model_CHE09.joblib
CHE10,0.05270922405481093,0.3818764682186373,48,38,10,station_models\rf_model_CHE10.joblib
DEL06,-4.030888241817902,-0.5309619891391335,48,38,10,station_models\rf_model_DEL06.joblib
DEL07,0.21495087030249138,0.25488418907458554,48,38,10,station_models\rf_model_DEL07.joblib
DEL08,0.1986898045259814,0.08050073725191242,48,38,10,station_models\rf_model_DEL08.joblib
DEL09,0.07138940047324871,-22.45079436231182,48,38,10,station_models\rf_model_DEL09.joblib
DEL10,0.09446692199311524,-17.258603021673956,48,38,10,station_models\rf_model_DEL10.joblib
HYD06,-0.9999082382301852,-0.8514283737576804,48,38,10,station_models\rf_model_HYD06.joblib
HYD07,0.48625542004022493,0.4802251017956607,48,38,10,station_models\rf_model_HYD07.joblib
HYD08,-0.6150724573421364,-1.4989776509389272,48,38,10,station_models\rf_model_HYD08.joblib
HYD09,-0.0022646631782328175,0.12433493977921173,48,38,10,station_models\rf_model_HYD09.joblib
HYD10,0.33616580921588624,0.40711836154151737,48,38,10,station_models\rf_model_HYD10.joblib
KOL06,-0.20519824857213886,-0.34307405890208753,48,38,10,station_models\rf_model_KOL06.joblib
KOL07,0.2622305010372975,-0.5778329714533792,48,38,10,station_models\rf_model_KOL07.joblib
KOL08,0.01768813013034498,0.04551145658103939,48,38,10,station_models\rf_model_KOL08.joblib
KOL09,0.7849816466772858,0.08969828015481052,48,38,10,station_models\rf_model_KOL09.joblib
KOL10,0.557341953995904,0.0425051871642842,48,38,10,station_models\rf_model_KOL10.joblib
LUC06,0.23578930022409095,0.2870434410402547,48,38,10,station_models\rf_model_LUC06.joblib
LUC07,-0.32120107452227553,-1.320664777216205,48,38,10,station_models\rf_model_LUC07.joblib
LUC08,0.5080661418808663,0.5972461217999323,48,38,10,station_models\rf_model_LUC08.joblib
LUC09,-0.033201602221194504,-0.3291055931986284,48,38,10,station_models\rf_model_LUC09.joblib
LUC10,-0.11206262764030783,-0.15273511641257342,48,38,10,station_models\rf_model_LUC10.joblib
MUM06,-0.5858731773055368,-1.09600533270285,48,38,10,station_models\rf_model_MUM06.joblib
MUM07,-0.041398103083365445,0.17357115787935284,48,38,10,station_models\rf_model_MUM07.joblib
MUM08,-2.437280057845852,-0.483467258697436,48,38,10,station_models\rf_model_MUM08.joblib
MUM09,-0.23107985046899637,-0.5782124020465431,48,38,10,station_models\rf_model_MUM09.joblib
MUM10,0.4792782191121854,0.43638578724598487,48,38,10,station_models\rf_model_MUM10.joblib
